{
    "manufacturer": "dear",
    "keyboard_name": "bonzov2",
    "maintainer": "qmk",
    "_invalid": {
        "usb_description": "v4n4g0n inspired iso layout"
    },
    "bootloader": "caterina",
    "bootmagic": {
        "enabled": false
    },
    "debounce": 5,
    "diode_direction": "COL2ROW",
    "features": {
        "audio": false,
        "backlight": false,
        "bluetooth": false,
        "command": false,
        "console": false,
        "extrakey": true,
        "fauxclicky": false,
        "hd44780": false,
        "midi": false,
        "nkro": false,
        "rgblight": false,
        "sleep_led": false
    },
    "matrix_pins": {
        "cols": ["B6", "B2", "B3", "F6", "F5", "F4", "D0"],
        "rows": ["D1", "D3", "B1", "F7", "D7", "E6", "B4", "B5", "C6", "D4"]
    },
    "mouse_key": {
        "enabled": false
    },
    "processor": "atmega32u4",
    "qmk": {
        "locking": {
            "enabled": true,
            "resync": true
        }
    },
    "usb": {
        "device_version": "0.0.1",
        "pid": "0x7373",
        "vid": "0x6969"
    },
    "layouts": {
        "LAYOUT": {
            "layout": [
                {"label": "K00", "matrix": [0, 0], "x": 0, "y": 0},
                {"label": "K10", "matrix": [1, 0], "x": 1, "y": 0},
                {"label": "K01", "matrix": [0, 1], "x": 2, "y": 0},
                {"label": "K11", "matrix": [1, 1], "x": 3, "y": 0},
                {"label": "K02", "matrix": [0, 2], "x": 4, "y": 0},
                {"label": "K12", "matrix": [1, 2], "x": 5, "y": 0},
                {"label": "K20", "matrix": [2, 0], "x": 6, "y": 0},
                {"label": "K30", "matrix": [3, 0], "x": 7, "y": 0},
                {"label": "K21", "matrix": [2, 1], "x": 8, "y": 0},
                {"label": "K31", "matrix": [3, 1], "x": 9, "y": 0},
                {"label": "K22", "matrix": [2, 2], "x": 10, "y": 0},
                {"label": "K32", "matrix": [3, 2], "x": 11, "y": 0},
                {"label": "K23", "matrix": [2, 3], "x": 12, "y": 0},
                {"label": "K33", "matrix": [3, 3], "x": 13, "y": 0},
                {"label": "K24", "matrix": [2, 4], "x": 14, "y": 0},
                {"label": "K34", "matrix": [3, 4], "x": 15, "y": 0},
                {"label": "K25", "matrix": [2, 5], "x": 16, "y": 0},
                {"label": "K35", "matrix": [3, 5], "x": 17, "y": 0},
                {"label": "K40", "matrix": [4, 0], "x": 18, "y": 0},
                {"label": "K50", "matrix": [5, 0], "x": 19, "y": 0},
                {"label": "K41", "matrix": [4, 1], "x": 20, "y": 0},
                {"label": "K51", "matrix": [5, 1], "x": 21, "y": 0},
                {"label": "K42", "matrix": [4, 2], "x": 22, "y": 0},
                {"label": "K52", "matrix": [5, 2], "x": 23, "y": 0},
                {"label": "K43", "matrix": [4, 3], "x": 24, "y": 0},
                {"label": "K53", "matrix": [5, 3], "x": 25, "y": 0},
                {"label": "K44", "matrix": [4, 4], "x": 26, "y": 0},
                {"label": "K54", "matrix": [5, 4], "x": 27, "y": 0},
                {"label": "K45", "matrix": [4, 5], "x": 28, "y": 0},
                {"label": "K55", "matrix": [5, 5], "x": 29, "y": 0},
                {"label": "K46", "matrix": [4, 6], "x": 30, "y": 0},
                {"label": "K60", "matrix": [6, 0], "x": 31, "y": 0},
                {"label": "K70", "matrix": [7, 0], "x": 32, "y": 0},
                {"label": "K61", "matrix": [6, 1], "x": 33, "y": 0},
                {"label": "K71", "matrix": [7, 1], "x": 34, "y": 0},
                {"label": "K62", "matrix": [6, 2], "x": 35, "y": 0},
                {"label": "K72", "matrix": [7, 2], "x": 36, "y": 0},
                {"label": "K63", "matrix": [6, 3], "x": 37, "y": 0},
                {"label": "K73", "matrix": [7, 3], "x": 38, "y": 0},
                {"label": "K64", "matrix": [6, 4], "x": 39, "y": 0},
                {"label": "K74", "matrix": [7, 4], "x": 40, "y": 0},
                {"label": "K65", "matrix": [6, 5], "x": 41, "y": 0},
                {"label": "K75", "matrix": [7, 5], "x": 42, "y": 0},
                {"label": "K66", "matrix": [6, 6], "x": 43, "y": 0},
                {"label": "K80", "matrix": [8, 0], "x": 44, "y": 0},
                {"label": "K90", "matrix": [9, 0], "x": 45, "y": 0},
                {"label": "K81", "matrix": [8, 1], "x": 46, "y": 0},
                {"label": "K82", "matrix": [8, 2], "x": 47, "y": 0},
                {"label": "K92", "matrix": [9, 2], "x": 48, "y": 0},
                {"label": "K93", "matrix": [9, 3], "x": 49, "y": 0},
                {"label": "K94", "matrix": [9, 4], "x": 50, "y": 0},
                {"label": "K85", "matrix": [8, 5], "x": 51, "y": 0},
                {"label": "K95", "matrix": [9, 5], "x": 52, "y": 0},
                {"label": "K86", "matrix": [8, 6], "x": 53, "y": 0}
            ]
        }
    }
}